cartodb_id,details,code,created_at,updated_at,verified,street,facing,details_additional,code_prefix,longitude,latitude,geojson
1,,B17,1353078741755,1355435830510,1,Reibroekstraat,W,,B,3.522875,51.070292,"{""type"":""Point"",""coordinates"":[3.52287,51.07029]}"
2,"Hansbeke, Nevele",F1,1353087568947,1355435830510,1,Reibroekstraat,W,,F,3.523592,51.070242,"{""type"":""Point"",""coordinates"":[3.52359,51.07024]}"
3,"3,5t",C21,1353087573104,1355435830510,1,Driesstraat,N,Uitgezonderd plaatselijk verkeer,C,3.523417,51.070185,"{""type"":""Point"",""coordinates"":[3.52342,51.07019]}"
4,,B17,1353087929512,1355435830510,1,Reibroekstraat,W,,B,3.526654,51.071031,"{""type"":""Point"",""coordinates"":[3.52665,51.07103]}"
5,"3,5t",C21,1353088013427,1355435830510,1,Nieuwetuinstraat,N,Uitgezonderd plaatselijk verkeer,C,3.527049,51.070997,"{""type"":""Point"",""coordinates"":[3.52705,51.071]}"
6,"Hansbeke, Nevele",F3a,1353088076144,1355435830510,1,Nieuwetuinstraat,N,,F,3.527054,51.070994,"{""type"":""Point"",""coordinates"":[3.52705,51.07099]}"
7,"Hansbeke, Nevele",F1,1353088130690,1355435830510,1,Nieuwetuinstraat,S,,F,3.527124,51.071021,"{""type"":""Point"",""coordinates"":[3.52712,51.07102]}"
8,,D1d,1353088202796,1356036931130,1,Kapellenstraat,W,,D,3.530463,51.071464,"{""type"":""Point"",""coordinates"":[3.53046,51.07146]}"
9,,D1d,1353088205139,1356036933933,1,Kapellenstraat,E,,D,3.530549,51.071405,"{""type"":""Point"",""coordinates"":[3.53055,51.0714]}"
10,,C3,1353088290174,1356037322635,1,Ommegangstraat,W,Uitgezonderd plaatselijk verkeer; M3,C,3.531458,51.071578,"{""type"":""Point"",""coordinates"":[3.53146,51.07158]}"
11,,B17,1353088425447,1355435830510,1,Reibroekstraat,S,,B,3.532392,51.07285,"{""type"":""Point"",""coordinates"":[3.53239,51.07285]}"
12,,E7,1353088763023,1355435830510,1,Reibroekstraat,W,E0d,E,3.534602,51.073345,"{""type"":""Point"",""coordinates"":[3.5346,51.07335]}"
13,,A41,1353088773013,1355435830510,1,Reibroekstraat,W,90 m,A,3.534522,51.073363,"{""type"":""Point"",""coordinates"":[3.53452,51.07336]}"
14,,B15f,1353088775162,1356035451313,1,Reibroekstraat,W,,B,3.534486,51.073369,"{""type"":""Point"",""coordinates"":[3.53449,51.07337]}"
15,,B17,1353088956458,1355435830510,1,Reibroekstraat,W,,B,3.535528,51.073129,"{""type"":""Point"",""coordinates"":[3.53553,51.07313]}"
16,,E5,1353090924345,1355435830510,1,Reibroekstraat,E,E0b,E,3.5337,51.07359,"{""type"":""Point"",""coordinates"":[3.5337,51.07359]}"
17,,E7,1353091077078,1355435830510,1,Reibroekstraat,W,E0a,E,3.53369,51.07353,"{""type"":""Point"",""coordinates"":[3.53369,51.07353]}"
18,,B17,1353091223040,1355435830510,1,Reibroekstraat,W,,B,3.529854,51.071481,"{""type"":""Point"",""coordinates"":[3.52985,51.07148]}"
19,,B17,1353355173563,1355435830510,1,Driesstraat,S,,B,3.523554,51.070094,"{""type"":""Point"",""coordinates"":[3.52355,51.07009]}"
20,,B17,1353355263741,1355435830510,1,Driesstraat,N,,B,3.524844,51.06628,"{""type"":""Point"",""coordinates"":[3.52484,51.06628]}"
21,Spelende kinderen,,1353356051443,1355435830510,1,Borluutlaan,E,,,3.532126,51.072914,"{""type"":""Point"",""coordinates"":[3.53213,51.07291]}"
22,,B17,1353356139277,1355435830510,1,Reibroekstraat,N,,B,3.532453,51.07309,"{""type"":""Point"",""coordinates"":[3.53245,51.07309]}"
23,,E5,1353356253286,1355435830510,1,Reibroekstraat,E,E0d,E,3.534632,51.07339,"{""type"":""Point"",""coordinates"":[3.53463,51.07339]}"
24,,E5,1353356764497,1355435830510,1,Reibroekstraat,E,E0a,E,3.535573,51.073187,"{""type"":""Point"",""coordinates"":[3.53557,51.07319]}"
25,,B15c,1353356864779,1356035475784,1,Reibroekstraat,E,,B,3.535635,51.07317,"{""type"":""Point"",""coordinates"":[3.53564,51.07317]}"
26,,A47,1353356963617,1355435830510,1,Nevelestraat,W,,A,3.535844,51.073143,"{""type"":""Point"",""coordinates"":[3.53584,51.07314]}"
27,,A47,1353356965606,1355435830510,1,Nevelestraat,S,,A,3.535844,51.073131,"{""type"":""Point"",""coordinates"":[3.53584,51.07313]}"
28,,A47,1353356987544,1355435830510,1,Nevelestraat,S,,A,3.535696,51.073168,"{""type"":""Point"",""coordinates"":[3.5357,51.07317]}"
29,,A47,1353357006324,1355435830510,1,Hansbekedorp,N,,A,3.535881,51.073257,"{""type"":""Point"",""coordinates"":[3.53588,51.07326]}"
30,,A47,1353357042078,1355435830510,1,Hansbekedorp,N,,A,3.535718,51.073286,"{""type"":""Point"",""coordinates"":[3.53572,51.07329]}"
31,,B9,1353357191718,1355435830510,1,Nevelestraat,S,,B,3.535852,51.073089,"{""type"":""Point"",""coordinates"":[3.53585,51.07309]}"
32,Spelende kinderen,,1353357376732,1355435830510,1,Borluutlaan,N,,,3.531295,51.073928,"{""type"":""Point"",""coordinates"":[3.5313,51.07393]}"
33,,F45,1353357440421,1355435830510,1,Borluutlaan,E,,F,3.53072,51.07417,"{""type"":""Point"",""coordinates"":[3.53072,51.07417]}"
34,"Hansbeke, Nevele",F3,1353358006604,1355435830510,1,Reibroekstraat,W,,F,3.523487,51.0703,"{""type"":""Point"",""coordinates"":[3.52349,51.0703]}"
35,,F45,1353362760388,1355435830510,1,Tien Gemeten,N,,F,3.534757,51.073271,"{""type"":""Point"",""coordinates"":[3.53476,51.07327]}"
36,Lotenhulle,F34b1,1353362871182,1355435830510,1,Reibroekstraat,S,,F,3.533674,51.073599,"{""type"":""Point"",""coordinates"":[3.53367,51.0736]}"
37,Hansbeke,F34b1,1353362872342,1355435830510,1,Reibroekstraat,S,,F,3.533674,51.073599,"{""type"":""Point"",""coordinates"":[3.53367,51.0736]}"
38,Hansbeke,F34b1,1353363198577,1355435830510,1,Reibroekstraat,W,,F,3.530949,51.071555,"{""type"":""Point"",""coordinates"":[3.53095,51.07155]}"
39,Lotenhulle,F34b1,1353363199172,1355435830510,1,Reibroekstraat,N,,F,3.530949,51.071555,"{""type"":""Point"",""coordinates"":[3.53095,51.07155]}"
40,voetbalterrein Hansbeke,F34a,1353363512352,1355435830510,1,Reibroekstraat,S,,F,3.530426,51.071547,"{""type"":""Point"",""coordinates"":[3.53043,51.07155]}"
41,Hansbeke,F34b1,1353363876618,1355435830510,1,Reibroekstraat,S,,F,3.523436,51.070301,"{""type"":""Point"",""coordinates"":[3.52344,51.0703]}"
42,Lotenhulle,F34b1,1353363877248,1355435830510,1,Reibroekstraat,E,,F,3.523436,51.070301,"{""type"":""Point"",""coordinates"":[3.52344,51.0703]}"
43,"3,5t",C21,1353364363971,1355435830510,1,Driesstraat,S,Uitgezonderd plaatselijk verkeer,C,3.524844,51.066131,"{""type"":""Point"",""coordinates"":[3.52484,51.06613]}"
44,Lotenhulle,F34b1,1353364478349,1355435830510,1,Boerestraat,E,,F,3.524831,51.066072,"{""type"":""Point"",""coordinates"":[3.52483,51.06607]}"
45,Hansbeke,F34b1,1353364478845,1355435830510,1,Boerestraat,W,,F,3.524831,51.066072,"{""type"":""Point"",""coordinates"":[3.52483,51.06607]}"
46,,B17,1353364584888,1355435830510,1,Boerestraat,E,,B,3.525163,51.066028,"{""type"":""Point"",""coordinates"":[3.52516,51.06603]}"
47,,B17,1353364695117,1355435830510,1,Dalestraat,S,,B,3.524873,51.065821,"{""type"":""Point"",""coordinates"":[3.52487,51.06582]}"
48,,B17,1353364883189,1355435830510,1,Boerestraat,W,,B,3.524326,51.066034,"{""type"":""Point"",""coordinates"":[3.52433,51.06603]}"
49,Hansbeke,F34b1,1353365165348,1355435830510,1,Boerestraat,S,,F,3.521904,51.06662,"{""type"":""Point"",""coordinates"":[3.5219,51.06662]}"
50,Lotenhulle,F34b1,1353365165911,1355435830510,1,Boerestraat,E,,F,3.521904,51.06662,"{""type"":""Point"",""coordinates"":[3.5219,51.06662]}"
51,,A13,1353365554561,1358371508981,1,Boerestraat,W,,A,3.512417,51.064254,"{""type"":""Point"",""coordinates"":[3.51242,51.06425]}"
52,"Hansbeke, Nevele",F1,1353365642237,1355435830510,1,Borluutlaan,W,,F,3.530754,51.074116,"{""type"":""Point"",""coordinates"":[3.53075,51.07412]}"
53,"Hansbeke, Nevele",F3,1353365643032,1355435830510,1,Borluutlaan,E,,F,3.530595,51.074201,"{""type"":""Point"",""coordinates"":[3.53059,51.0742]}"
54,"Hansbeke, Nevele",F43,1353365937379,1355435830510,1,Kippendonkstraat,W,,F,3.509854,51.078669,"{""type"":""Point"",""coordinates"":[3.50985,51.07867]}"
55,,B17,1353366483865,1355435830510,1,Kapellenstraat,E,,B,3.530949,51.071214,"{""type"":""Point"",""coordinates"":[3.53095,51.07121]}"
56,,B17,1353366662799,1355435830510,1,Nieuwetuinstraat,S,,B,3.52707,51.070487,"{""type"":""Point"",""coordinates"":[3.52707,51.07049]}"
57,,B17,1353366984360,1355435830510,1,Reibroekstraat,E,,B,3.519447,51.070703,"{""type"":""Point"",""coordinates"":[3.51945,51.0707]}"
58,,B17,1353413172403,1355435830510,1,Ommegangstraat,E,,B,3.531606,51.071667,"{""type"":""Point"",""coordinates"":[3.53161,51.07167]}"
59,,C3,1353413234446,1356037315470,1,Ommegangstraat,E,Uitgezonderd plaatselijk verkeer; M3,C,3.533668,51.071546,"{""type"":""Point"",""coordinates"":[3.53367,51.07155]}"
60,,A14,1353413492837,1355435830510,1,Kapellenstraat,W,85 m,A,3.535036,51.070759,"{""type"":""Point"",""coordinates"":[3.53504,51.07076]}"
61,,B1,1353413584482,1355435830510,1,Kapellenstraat,W,,B,3.536176,51.070809,"{""type"":""Point"",""coordinates"":[3.53618,51.07081]}"
62,,B9,1353413636690,1355435830510,1,Nevelestraat,N,,B,3.536385,51.070783,"{""type"":""Point"",""coordinates"":[3.53639,51.07078]}"
63,,A25,1353626393936,1355435830510,1,Nevelestraat,N,25m,A,3.536385,51.070783,"{""type"":""Point"",""coordinates"":[3.53639,51.07078]}"
64,,F50,1353626451314,1356196017110,1,Nevelestraat,S,,F,3.53655,51.07041,"{""type"":""Point"",""coordinates"":[3.53655,51.07041]}"
65,,B9,1353626509501,1355435830510,1,Nevelestraat,S,,B,3.536546,51.070962,"{""type"":""Point"",""coordinates"":[3.53655,51.07096]}"
66,,D07,1353626532192,1355435830510,1,Nevelstraat,S,,D,3.536514,51.071058,"{""type"":""Point"",""coordinates"":[3.53651,51.07106]}"
67,Hansbeke,F34b1,1353626607486,1355435830510,1,Nevelestraat,W,,F,3.536595,51.070729,"{""type"":""Point"",""coordinates"":[3.5366,51.07073]}"
68,Nevele,F34b1,1353626609718,1355435830510,1,Nevelestraat,W,,F,3.536595,51.070729,"{""type"":""Point"",""coordinates"":[3.5366,51.07073]}"
69,voetbalterrein Hansbeke,F34a,1353626640999,1356729690714,1,Nevelestraat,N,,F,3.536562,51.070702,"{""type"":""Point"",""coordinates"":[3.53656,51.0707]}"
70,voetbalterrein Hansbeke,F34a,1353626641968,1356729693934,1,Nevelestraat,S,,F,3.536562,51.070702,"{""type"":""Point"",""coordinates"":[3.53656,51.0707]}"
71,"Hansbeke, Nevele",F3a,1353626692668,1356731798355,1,Nevelestraat,N,,F,3.5365,51.06818,"{""type"":""Point"",""coordinates"":[3.5365,51.06818]}"
72,"Hansbeke, Nevele",F1a,1353626747150,1356731606622,1,Nevelestraat,S,,F,3.53671,51.06823,"{""type"":""Point"",""coordinates"":[3.53671,51.06823]}"
73,,D07,1353626754266,1355435830510,1,Nevelestraat,W,,D,3.536549,51.070476,"{""type"":""Point"",""coordinates"":[3.53655,51.07048]}"
74,,B1,1353626950596,1355435830510,1,Kapellenstraat,E,,B,3.536662,51.070849,"{""type"":""Point"",""coordinates"":[3.53666,51.07085]}"
75,,F50,1353628094459,1356613116725,1,Nevelestraat,N,,F,3.53638,51.07056,"{""type"":""Point"",""coordinates"":[3.53638,51.07056]}"
76,,A41,1353628423075,1355435830510,1,Nevelestraat,S,,A,3.53623,51.071875,"{""type"":""Point"",""coordinates"":[3.53623,51.07187]}"
77,,A25,1353628424234,1356613686508,1,Nevelestraat,S,,A,3.53623,51.071875,"{""type"":""Point"",""coordinates"":[3.53623,51.07187]}"
78,,B9,1353628561568,1355435830510,1,Nevelestraat,N,,B,3.535715,51.072842,"{""type"":""Point"",""coordinates"":[3.53572,51.07284]}"
79,Merendree,F34b1,1353628614088,1355435830510,1,Nevelestraat,S,,F,3.535868,51.073016,"{""type"":""Point"",""coordinates"":[3.53587,51.07302]}"
80,Landegem,F34b1,1353628615274,1355435830510,1,Nevelestraat,S,,F,3.535868,51.073016,"{""type"":""Point"",""coordinates"":[3.53587,51.07302]}"
81,Lotenhulle,F34b1,1353628616220,1355435830510,1,Nevelestraat,S,,F,3.535868,51.073016,"{""type"":""Point"",""coordinates"":[3.53587,51.07302]}"
82,Nevele,F34b1,1353628617241,1355435830510,1,Nevelestraat,W,,F,3.535868,51.073016,"{""type"":""Point"",""coordinates"":[3.53587,51.07302]}"
83,Zomergem,F34b1,1353628618182,1356613978842,1,Nevelestraat,W,,F,3.535868,51.073016,"{""type"":""Point"",""coordinates"":[3.53587,51.07302]}"
84,,B1,1353628790527,1355435830510,1,Zandestraat,E,,B,3.536066,51.07291,"{""type"":""Point"",""coordinates"":[3.53607,51.07291]}"
85,,C3,1353628915154,1356613827400,,Zandestraat,S,,C,3.5367,51.0728,"{""type"":""Point"",""coordinates"":[3.5367,51.0728]}"
86,,C3,1353628999474,1355435830510,1,Zandestraat,S,Uitgezonderd voertuigen autoleerrijpark,C,3.537083,51.072719,"{""type"":""Point"",""coordinates"":[3.53708,51.07272]}"
87,,A41,1353629000740,1356613877065,1,Zandestraat,E,100m,A,3.537093,51.072719,"{""type"":""Point"",""coordinates"":[3.53709,51.07272]}"
88,,B17,1353629260634,1356730083305,1,Zandestraat,W,,B,3.541361,51.070812,"{""type"":""Point"",""coordinates"":[3.54136,51.07081]}"
89,,D10,1353699532188,1355773059904,1,Tien Gemeten,W,,D,3.535033,51.072757,"{""type"":""Point"",""coordinates"":[3.53503,51.07276]}"
90,,B1,1353699536440,1355773063816,1,Tien Gemeten,E,,B,3.535033,51.072772,"{""type"":""Point"",""coordinates"":[3.53503,51.07277]}"
91,,B1,1353699591442,1355435830510,1,Tien Gemeten,S,,B,3.53487,51.073218,"{""type"":""Point"",""coordinates"":[3.53487,51.07322]}"
92,,E9a,1353699735481,1355435830510,1,Zandestraat,S,,E,3.536731,51.072905,"{""type"":""Point"",""coordinates"":[3.53673,51.0729]}"
93,,D07,1353700493554,1355435830510,,Nevelestraat,W,,D,3.535483,51.066327,"{""type"":""Point"",""coordinates"":[3.53548,51.06633]}"
94,,D07,1353764425456,1358372072806,1,Nevelestraat,N,,D,3.53531,51.066461,"{""type"":""Point"",""coordinates"":[3.53531,51.06646]}"
95,,B1,1353764428241,1358372075420,1,Boerestraat,W,M10,B,3.535261,51.066463,"{""type"":""Point"",""coordinates"":[3.53526,51.06646]}"
96,,B1,1353764501278,1358372064531,1,Nevelestraat,S,,B,3.535347,51.066451,"{""type"":""Point"",""coordinates"":[3.53535,51.06645]}"
97,,D07,1353764504747,1355435830510,,Nevelestraat,E,,D,3.535304,51.066384,"{""type"":""Point"",""coordinates"":[3.5353,51.06638]}"
98,,B1,1353764512994,1355435830510,,Nevelestraat,W,,B,3.535278,51.066359,"{""type"":""Point"",""coordinates"":[3.53528,51.06636]}"
99,,D01a,1353764601348,1356194071174,1,Nevelestraat,N,,D,3.53532,51.06631,"{""type"":""Point"",""coordinates"":[3.53532,51.06631]}"
100,,D01a,1353764602257,1356194065483,1,Nevelestraat,S,,D,3.53532,51.06631,"{""type"":""Point"",""coordinates"":[3.53532,51.06631]}"
101,70,C43,1353764629104,1355435830510,,Nevelestraat,N,,C,3.535229,51.066278,"{""type"":""Point"",""coordinates"":[3.53523,51.06628]}"
102,,A29,1353764629993,1355435830510,,Nevelestraat,N,,A,3.535229,51.066278,"{""type"":""Point"",""coordinates"":[3.53523,51.06628]}"
103,,B9,1353764631186,1355435830510,,Nevelestraat,N,,B,3.535229,51.066278,"{""type"":""Point"",""coordinates"":[3.53523,51.06628]}"
104,,D07,1353765687539,1355435830510,,Nevelestraat,N,,D,3.535473,51.066355,"{""type"":""Point"",""coordinates"":[3.53547,51.06636]}"
105,,B1,1353765696492,1355435830510,,Nevelestraat,E,,B,3.535473,51.066355,"{""type"":""Point"",""coordinates"":[3.53547,51.06636]}"
106,,D01a,1353765852717,1356194103369,1,Nevelestraat,S,,D,3.53556,51.06667,"{""type"":""Point"",""coordinates"":[3.53556,51.06667]}"
107,,D01a,1353765853808,1356194106549,1,Nevelestraat,N,,D,3.53556,51.06667,"{""type"":""Point"",""coordinates"":[3.53556,51.06667]}"
108,,D07,1353765928940,1356194204552,1,Nevelestraat,S,,D,3.535782,51.066805,"{""type"":""Point"",""coordinates"":[3.53578,51.06681]}"
109,50,C43,1353765929835,1356194207567,1,Nevelestraat,S,,C,3.535782,51.066805,"{""type"":""Point"",""coordinates"":[3.53578,51.06681]}"
110,,B9,1353765930702,1356194210813,1,Nevelestraat,S,,B,3.535782,51.066805,"{""type"":""Point"",""coordinates"":[3.53578,51.06681]}"
111,,B1,1353766063911,1356037365411,,Boerestraat,E,M10,B,3.53576,51.066633,"{""type"":""Point"",""coordinates"":[3.53576,51.06663]}"
112,,A1a,1353766279680,1358372052422,,Nevelestraat,S,,A,3.53596,51.06707,"{""type"":""Point"",""coordinates"":[3.53596,51.06707]}"
113,,A14,1353958211830,1355435830510,1,Nevelestraat,N,,A,3.535956,51.072174,"{""type"":""Point"",""coordinates"":[3.53596,51.07217]}"
114,,D09,1353958450221,1357596138080,,Hansbekedorp,S,,D,3.53512,51.077413,"{""type"":""Point"",""coordinates"":[3.53512,51.07741]}"
115,,B9,1353958452589,1357596101183,,Hansbekedorp,S,,B,3.53512,51.077413,"{""type"":""Point"",""coordinates"":[3.53512,51.07741]}"
116,,A25,1353958586245,1356195885831,1,Nevelestraat,S,,A,3.536487,51.069292,"{""type"":""Point"",""coordinates"":[3.53649,51.06929]}"
117,,A14,1353958803047,1356733730551,1,Kapellenstraat,E,,A,3.53882,51.07057,"{""type"":""Point"",""coordinates"":[3.53882,51.07057]}"
118,,B3,1353959416360,1357598323588,1,Rostraat,E,150m,B,3.5374,51.0671,"{""type"":""Point"",""coordinates"":[3.5374,51.0671]}"
119,,B9,1353959417825,1356731496357,1,Nevelestraat,S,,B,3.53672,51.06828,"{""type"":""Point"",""coordinates"":[3.53672,51.06828]}"
120,,Type 5,1353959421683,1356195339617,1,Nevelestraat,S,,,3.53664,51.06841,"{""type"":""Point"",""coordinates"":[3.53664,51.06841]}"
121,,Type 5,1353959422744,1356195342273,1,Nevelestraat,N,,,3.53664,51.06841,"{""type"":""Point"",""coordinates"":[3.53664,51.06841]}"
122,,Type 5,1353959492441,1356195345285,1,Nevelestraat,S,,,3.53666,51.06824,"{""type"":""Point"",""coordinates"":[3.53666,51.06824]}"
123,,Type 5,1353959493388,1356195348209,1,Nevelestraat,N,,,3.53666,51.06824,"{""type"":""Point"",""coordinates"":[3.53666,51.06824]}"
124,,D07,1354050620336,1356731549989,1,Nevelestraat,S,,D,3.53672,51.06828,"{""type"":""Point"",""coordinates"":[3.53672,51.06828]}"
125,,B1,1354050648399,1356731102788,1,Rostraat,E,M10,B,3.53668536441796,51.06815,"{""type"":""Point"",""coordinates"":[3.53669,51.06815]}"
126,,D07,1354050815763,1356195407585,1,Nevelestraat,N,,D,3.536517,51.067983,"{""type"":""Point"",""coordinates"":[3.53652,51.06798]}"
127,Hansbeke,F34b1,1354050910889,1356731677086,1,Nevelestraat,W,,F,3.536519,51.067884,"{""type"":""Point"",""coordinates"":[3.53652,51.06788]}"
128,Nevele,F34b1,1354050911706,1356731679771,1,Nevelestraat,W,,F,3.536519,51.067884,"{""type"":""Point"",""coordinates"":[3.53652,51.06788]}"
129,70,C43,1354050943558,1356731703533,1,Nevelestraat,N,,C,3.536305,51.067889,"{""type"":""Point"",""coordinates"":[3.53631,51.06789]}"
130,,B9,1354050944390,1356731706345,1,Nevelestraat,N,,B,3.536305,51.067889,"{""type"":""Point"",""coordinates"":[3.53631,51.06789]}"
131,,B3,1354051247631,1356731024145,1,Rostraat,S,100 m,B,3.53774,51.06733,"{""type"":""Point"",""coordinates"":[3.53774,51.06733]}"
132,,B17,1354051538677,1355435830510,1,Boerestraat,N,,B,3.521295,51.066918,"{""type"":""Point"",""coordinates"":[3.52129,51.06692]}"
133,"Bellem, Aalter, Lotenhulle, TC EENDRACHT",F27,1354051728438,1355435830510,1,Boerestraat,S,,F,3.518221,51.070299,"{""type"":""Point"",""coordinates"":[3.51822,51.0703]}"
134,E40 - Nevele - Deinze,F29,1354051750805,1355435830510,1,Karmenhoekstraat,N,,F,3.518184,51.070311,"{""type"":""Point"",""coordinates"":[3.51818,51.07031]}"
135,Hansbeke - Zomergem,F29,1354051751758,1355435830510,1,Karmenhoekstraat,N,,F,3.518184,51.070311,"{""type"":""Point"",""coordinates"":[3.51818,51.07031]}"
136,Landegem - Merendree,F29,1354051752760,1355435830510,1,Karmenhoekstraat,N,,F,3.518184,51.070311,"{""type"":""Point"",""coordinates"":[3.51818,51.07031]}"
137,voetbalterrein Hansbeke,F34a,1354051754739,1355435830510,1,Reibroekstraat,N,,F,3.518192,51.070313,"{""type"":""Point"",""coordinates"":[3.51819,51.07031]}"
138,Bellem - Aalter,F29,1354052252279,1355435830510,1,Kippendonkstraat,W,,F,3.518833,51.0707,"{""type"":""Point"",""coordinates"":[3.51883,51.0707]}"
139,,B17,1354052317941,1355435830510,1,Kippendonkstraat,N,,B,3.518495,51.071186,"{""type"":""Point"",""coordinates"":[3.5185,51.07119]}"
140,,E3,1354052558318,1355435830510,1,Karmenhoekstraat,E,E0a,E,3.509083,51.07174,"{""type"":""Point"",""coordinates"":[3.50908,51.07174]}"
141,,E3,1354052609026,1355435830510,1,Karmenhoekstraat,E,E0b,E,3.50738,51.071536,"{""type"":""Point"",""coordinates"":[3.50738,51.07154]}"
142,,B3,1354052787995,1355435830510,1,Dalestraat,W,150 m,B,3.53027,51.062135,"{""type"":""Point"",""coordinates"":[3.53027,51.06213]}"
143,,B1,1354053265787,1355435830510,1,Dalestraat,N,,B,3.531442,51.061796,"{""type"":""Point"",""coordinates"":[3.53144,51.0618]}"
144,Bellem - Aalter,F29,1354053320094,1355435830510,1,Dalestraat,S,,F,3.53159,51.061814,"{""type"":""Point"",""coordinates"":[3.53159,51.06181]}"
145,,F45,1354053474569,1355435830510,1,Dalestraat,N,Uitgezonderd plaatselijk verkeer,F,3.531496,51.061543,"{""type"":""Point"",""coordinates"":[3.5315,51.06154]}"
146,,D01b,1354053547971,1355668069208,1,Dalestraat,S,,D,3.53158,51.06144,"{""type"":""Point"",""coordinates"":[3.53158,51.06144]}"
147,,B1,1354053549168,1355668096586,1,Dalestraat,S,,B,3.53158,51.06144,"{""type"":""Point"",""coordinates"":[3.53158,51.06144]}"
148,,B11,1354053694091,1357595384043,1,Dalestraat,W,,B,3.53182,51.061499,"{""type"":""Point"",""coordinates"":[3.53182,51.0615]}"
149,,B9,1354053772179,1355435830510,1,Dalestraat,E,,B,3.53127,51.061799,"{""type"":""Point"",""coordinates"":[3.53127,51.0618]}"
150,,B3,1354054014490,1355435830510,1,Dalestraat,S,150m,B,3.530189,51.061587,"{""type"":""Point"",""coordinates"":[3.53019,51.06159]}"
151,,D01a,1354054150523,1355668172974,1,Dalestraat,W,,D,3.53179,51.06161,"{""type"":""Point"",""coordinates"":[3.53179,51.06161]}"
152,,C1,1354054155920,1357595412964,1,Dalestraat,E,,C,3.53188,51.06159,"{""type"":""Point"",""coordinates"":[3.53188,51.06159]}"
153,,C1,1354054169432,1357595285046,1,Dalestraat,E,,C,3.53185,51.06147,"{""type"":""Point"",""coordinates"":[3.53185,51.06147]}"
154,,B1,1354054180392,1357595395534,1,Dalestraat,W,,B,3.53194,51.06157,"{""type"":""Point"",""coordinates"":[3.53194,51.06157]}"
155,,B1,1354054290480,1357595277206,1,Dalestraat,W,,B,3.53185,51.06147,"{""type"":""Point"",""coordinates"":[3.53185,51.06147]}"
156,,D01a,1355430583503,1355435830510,,Dalestraat,E,,D,3.531953,51.061565,"{""type"":""Point"",""coordinates"":[3.53195,51.06157]}"
157,E40 Oostende,F31,1355430657967,1356732656337,1,Dalestraat,N,,F,3.53191682209012,51.0615816857275,"{""type"":""Point"",""coordinates"":[3.53192,51.06158]}"
158,E40 Brugge,F31,1355430666592,1356732755970,1,Dalestraat,N,,F,3.531917,51.061582,"{""type"":""Point"",""coordinates"":[3.53192,51.06158]}"
159,Oostende E40,F31,1355430823336,1356193333679,1,Dalestraat,S,,F,3.532084,51.06172,"{""type"":""Point"",""coordinates"":[3.53208,51.06172]}"
160,Brugge E40,F31,1355430828935,1356193337179,1,Dalestraat,S,,F,3.532084,51.06172,"{""type"":""Point"",""coordinates"":[3.53208,51.06172]}"
161,70,C43,1355431697408,1356193889839,1,Nevelestraat,N,,C,3.531862,51.061337,"{""type"":""Point"",""coordinates"":[3.53186,51.06134]}"
162,,B9,1355431704572,1356193892567,1,Nevelestraat,N,,B,3.531862,51.061337,"{""type"":""Point"",""coordinates"":[3.53186,51.06134]}"
163,Nevele,F43,1355431898817,1355435830510,,Nevelestraat,N,,F,3.53151122453687,51.0607696563835,"{""type"":""Point"",""coordinates"":[3.53151,51.06077]}"
164,,F13,1355432201808,1355435830510,,Nevelestraat,S,,F,3.531787,51.06087,"{""type"":""Point"",""coordinates"":[3.53179,51.06087]}"
165,Politie,F34a,1355432301324,1356193589939,1,Nevelestraat,W,,F,3.532176,51.06143,"{""type"":""Point"",""coordinates"":[3.53218,51.06143]}"
166,Merendree,F33a,1355432308527,1356193532325,1,Nevelestraat,W,,F,3.532176,51.06143,"{""type"":""Point"",""coordinates"":[3.53218,51.06143]}"
167,Hansbeke,F33a,1355432316118,1356193508095,1,Nevelestraat,W,,F,3.532176,51.06143,"{""type"":""Point"",""coordinates"":[3.53218,51.06143]}"
168,Zomergem,F29,1355432329036,1356193466691,1,Nevelestraat,W,,F,3.532176,51.06143,"{""type"":""Point"",""coordinates"":[3.53218,51.06143]}"
169,N437,F23a,1355432336518,1356193434767,1,Nevelestraat,W,,F,3.532176,51.06143,"{""type"":""Point"",""coordinates"":[3.53218,51.06143]}"
170,Nevele,F29,1355432358304,1356193601206,1,Nevelestraat,W,,F,3.532167,51.061417,"{""type"":""Point"",""coordinates"":[3.53217,51.06142]}"
171,,A14,1355432537995,1356195950955,1,Nevelestraat,S,,A,3.536487,51.069292,"{""type"":""Point"",""coordinates"":[3.53649,51.06929]}"
172,Nevele,F34a,1355432551278,1356038927683,,Nevelestraat,W,,F,3.532176,51.06143,"{""type"":""Point"",""coordinates"":[3.53218,51.06143]}"
173,,D07,1355433533355,1356193728742,1,Nevelestraat,N,,D,3.532075,51.06141,"{""type"":""Point"",""coordinates"":[3.53207,51.06141]}"
174,Hansbeke,F43,1355433664206,1356193742084,1,Nevelestraat,S,,F,3.532257,51.061528,"{""type"":""Point"",""coordinates"":[3.53226,51.06153]}"
175,,D07,1355433778139,1355435830510,,Nevelestraat,S,,D,3.532327,51.061686,"{""type"":""Point"",""coordinates"":[3.53233,51.06169]}"
176,70,C43,1355433841616,1356193777899,1,Nevelestraat,S,,C,3.53244,51.061851,"{""type"":""Point"",""coordinates"":[3.53244,51.06185]}"
177,,B9,1355433850169,1356193755535,1,Nevelestraat,S,,B,3.53244,51.061851,"{""type"":""Point"",""coordinates"":[3.53244,51.06185]}"
178,,B1,1355434253593,1356193770386,,Rostraat,E,M10,B,3.532322,51.061497,"{""type"":""Point"",""coordinates"":[3.53232,51.0615]}"
179,"Brussel, Gent E40, Nevele, Oostende, E40 Brugge",F27,1355434381633,1356193807702,1,Nevelestraat,N,,F,3.532901,51.062819,"{""type"":""Point"",""coordinates"":[3.5329,51.06282]}"
180,,F13,1355435029521,1356193817074,1,Nevelestraat,N,,F,3.532489,51.062204,"{""type"":""Point"",""coordinates"":[3.53249,51.0622]}"
181,,A29,1355435204400,1356193827849,1,Nevelestraat,S,,A,3.53393,51.064031,"{""type"":""Point"",""coordinates"":[3.53393,51.06403]}"
182,E40,F23c,1355441574219,1355441628096,,E40,E,,F,3.519524,51.06074,"{""type"":""Point"",""coordinates"":[3.51952,51.06074]}"
183,,B9,1355441581944,1355442538318,,E40,E,,B,3.519524,51.06074,"{""type"":""Point"",""coordinates"":[3.51952,51.06074]}"
184,"12, Nevele, 400m",,1355441697045,1355441737057,,E40,W,,,3.519824,51.060339,"{""type"":""Point"",""coordinates"":[3.51982,51.06034]}"
185,"Brussel, Gent, E40, Nevele, 800m",F25,1355441953138,1355442040064,,E40,W,,F,3.514618,51.061322,"{""type"":""Point"",""coordinates"":[3.51462,51.06132]}"
186,Lotenhulle,F34b1,1355442623451,1358371534105,1,Kromekestraat,E,,F,3.512127,51.064222,"{""type"":""Point"",""coordinates"":[3.51213,51.06422]}"
187,Hansbeke,F34b1,1355442715034,1358371537301,1,Kromekestraat,S,,F,3.512127,51.064222,"{""type"":""Point"",""coordinates"":[3.51213,51.06422]}"
188,,B3,1355524532015,1355524630945,,Rostraat,E,150 m,B,3.534289,51.06134,"{""type"":""Point"",""coordinates"":[3.53429,51.06134]}"
189,,F45,1355524886545,1355525126574,,Rostraat,W,,F,3.541559,51.06261,"{""type"":""Point"",""coordinates"":[3.54156,51.06261]}"
190,Merendree,F29,1355525050507,1355525177012,,Palestraat,S,,F,3.540645,51.064292,"{""type"":""Point"",""coordinates"":[3.54065,51.06429]}"
191,Landegem,F29,1355525055943,1355525172285,,Palestraat,S,,F,3.540645,51.064292,"{""type"":""Point"",""coordinates"":[3.54065,51.06429]}"
192,,A29,1355525659704,1356730754406,1,Palestraat,S,,A,3.542491,51.066528,"{""type"":""Point"",""coordinates"":[3.54249,51.06653]}"
193,,C3,1355525839524,1356730666945,1,Palestraat,S,Uitgezonderd plaatselijk verkeer,C,3.54325,51.06742,"{""type"":""Point"",""coordinates"":[3.54325,51.06742]}"
194,"Hansbeke, Nevele",F1,1355525916160,1356730610186,1,Palestraat,S,,F,3.542383,51.069122,"{""type"":""Point"",""coordinates"":[3.54238,51.06912]}"
195,"Hansbeke, Nevele",F3,1355525972811,1356730612723,1,Palestraat,N,,F,3.542283,51.069173,"{""type"":""Point"",""coordinates"":[3.54228,51.06917]}"
196,,C3,1355526034195,1356730528091,1,Palestraat,N,Uitgezonderd plaatselijk verkeer,C,3.54199,51.06975,"{""type"":""Point"",""coordinates"":[3.54199,51.06975]}"
197,,A51,1355526354931,1355526470681,,Palestraat,W,Verkeerstafel 150m,A,3.544832,51.068251,"{""type"":""Point"",""coordinates"":[3.54483,51.06825]}"
198,,A29,1355526399686,1355526483175,,Palestraat,W,,A,3.545086,51.068371,"{""type"":""Point"",""coordinates"":[3.54509,51.06837]}"
199,,B17,1355526538460,1355526684735,,Palestraat,W,,B,3.545853,51.068762,"{""type"":""Point"",""coordinates"":[3.54585,51.06876]}"
200,,A29,1355526571216,1355526654075,,Palestraat,E,,A,3.545662,51.06872,"{""type"":""Point"",""coordinates"":[3.54566,51.06872]}"
201,"Hansbeke, Nevele",F1,1355526755896,1355527093110,,Zandestraat,E,,F,3.54624,51.069411,"{""type"":""Point"",""coordinates"":[3.54624,51.06941]}"
202,"Hansbeke, Nevele",F3,1355526771105,1355527091132,,Zandestraat,W,,F,3.546183,51.069345,"{""type"":""Point"",""coordinates"":[3.54618,51.06934]}"
203,Landegem,F29,1355526875479,1355527186563,,Palestraat,S,,F,3.54634,51.06938,"{""type"":""Point"",""coordinates"":[3.54634,51.06938]}"
204,Landegem,F29,1355526881579,1355527157050,,Palestraat,N,,F,3.54634072883607,51.0693816854435,"{""type"":""Point"",""coordinates"":[3.54634,51.06938]}"
205,Landegem,F34b1,1355527231264,1355527328292,,Palestraat,S,,F,3.54635,51.06938,"{""type"":""Point"",""coordinates"":[3.54635,51.06938]}"
206,Hansbeke,F34b1,1355527235893,1355527330135,,Palestraat,S,,F,3.54635,51.06938,"{""type"":""Point"",""coordinates"":[3.54635,51.06938]}"
207,,B17,1355527457191,1355527580489,,Palestraat,E,,B,3.546851,51.069659,"{""type"":""Point"",""coordinates"":[3.54685,51.06966]}"
208,,B3,1355527504788,1355527567297,,Palestraat,W,150 m,B,3.547152,51.069765,"{""type"":""Point"",""coordinates"":[3.54715,51.06976]}"
209,,A51,1355527881317,1355528009486,,Kleine Heirenthoek,E,Verkeerstafel 250m,A,3.547951,51.069216,"{""type"":""Point"",""coordinates"":[3.54795,51.06922]}"
210,,B17,1355527920309,1355528011931,,Kleine Heirenthoek,E,,B,3.547388,51.069094,"{""type"":""Point"",""coordinates"":[3.54739,51.06909]}"
211,,A51,1355528135060,1355528333892,,Palestraat,N,Verkeerstafel 50m,A,3.547401,51.069969,"{""type"":""Point"",""coordinates"":[3.5474,51.06997]}"
212,,F45,1355528186099,1355528335915,,Palestraat,W,,F,3.547715,51.070025,"{""type"":""Point"",""coordinates"":[3.54772,51.07003]}"
213,,B1,1355528225769,1355528572998,,Palestraat,N,,B,3.54772,51.070141,"{""type"":""Point"",""coordinates"":[3.54772,51.07014]}"
214,,B1,1355528453427,1355528577858,,Donkerstraat,E,,B,3.547606,51.0702,"{""type"":""Point"",""coordinates"":[3.54761,51.0702]}"
215,"2,5t",C21,1355528508108,1355528670003,,Donkerstraat,E,...,C,3.547482,51.070239,"{""type"":""Point"",""coordinates"":[3.54748,51.07024]}"
216,"Hansbeke, Nevele",F1,1355528514606,1355528643239,,Donkerstraat,E,,F,3.547484,51.07024,"{""type"":""Point"",""coordinates"":[3.54748,51.07024]}"
217,,B17,1355528810115,1356730156318,1,Donkerstraat,E,,B,3.542426,51.07065,"{""type"":""Point"",""coordinates"":[3.54243,51.07065]}"
218,"2,5t",C21,1355528853425,1356730138736,1,Donkerstraat,W,Uitgezonderd plaatselijk verkeer,C,3.54238,51.070555,"{""type"":""Point"",""coordinates"":[3.54238,51.07055]}"
219,Landegem,F34b1,1355528894511,1356733273913,1,Zandestraat,N,,F,3.542117,51.070434,"{""type"":""Point"",""coordinates"":[3.54212,51.07043]}"
220,Hansbeke,F34b1,1355528898528,1356733277939,1,Zandestraat,N,,F,3.542117,51.070434,"{""type"":""Point"",""coordinates"":[3.54212,51.07043]}"
221,Merendree,F34b1,1355528903321,1356733280826,1,Zandestraat,E,,F,3.542117,51.070434,"{""type"":""Point"",""coordinates"":[3.54212,51.07043]}"
222,Merendree,F34b1,1355528907806,1356733283368,1,Zandestraat,W,,F,3.542117,51.070434,"{""type"":""Point"",""coordinates"":[3.54212,51.07043]}"
223,,B17,1355529275901,1356730271240,1,Zandestraat,E,,B,3.542536,51.070414,"{""type"":""Point"",""coordinates"":[3.54254,51.07041]}"
224,,A7b,1355529310984,1356730265393,1,Zandestraat,W,,A,3.542769,51.070272,"{""type"":""Point"",""coordinates"":[3.54277,51.07027]}"
225,,B17,1355529377256,1355529464096,,Zandestraat,W,,B,3.545474,51.069553,"{""type"":""Point"",""coordinates"":[3.54547,51.06955]}"
226,Spelende kinderen,,1355529541249,1356730367979,1,Cardijnlaan,N,,,3.542428,51.070143,"{""type"":""Point"",""coordinates"":[3.54243,51.07014]}"
227,,B17,1355529560472,1356730376437,1,Cardijnlaan,S,,B,3.54252,51.070073,"{""type"":""Point"",""coordinates"":[3.54252,51.07007]}"
228,,F45,1355529630533,1356729877221,1,Cardijnlaan,E,,F,3.539867,51.069521,"{""type"":""Point"",""coordinates"":[3.53987,51.06952]}"
229,Spelende kinderen,,1355529688770,1356729979001,1,Cardijnlaan,N,,,3.540411,51.070196,"{""type"":""Point"",""coordinates"":[3.54041,51.0702]}"
230,,B17,1355530059255,1356730037439,1,Kapellenstraat,W,,B,3.54124,51.07047,"{""type"":""Point"",""coordinates"":[3.54124,51.07047]}"
231,,A29,1355530695124,1355530797465,,Palestraat,N,,A,3.54572,51.067992,"{""type"":""Point"",""coordinates"":[3.54572,51.06799]}"
232,,B9,1355953606999,1356614378635,1,Hansbekedorp,N,,B,3.535713,51.073305,"{""type"":""Point"",""coordinates"":[3.53571,51.0733]}"
233,,B9,1355953659916,1356618749162,1,Hansbekedorp,S,,B,3.53588,51.073519,"{""type"":""Point"",""coordinates"":[3.53588,51.07352]}"
234,,B1,1355953702530,1356618743966,1,Hansbekedorp,E,,B,3.535915,51.073448,"{""type"":""Point"",""coordinates"":[3.53592,51.07345]}"
235,Merendree,F33a,1355953742505,1356618736248,1,Hansbekedorp,S,,F,3.53592,51.07348,"{""type"":""Point"",""coordinates"":[3.53592,51.07348]}"
236,,E9b,1355953772294,1356618740286,1,Hansbekedorp,S,,E,3.535984,51.073472,"{""type"":""Point"",""coordinates"":[3.53598,51.07347]}"
237,,B1,1355953779795,1356618757867,1,Hansbekedorp,N,,B,3.535984,51.073472,"{""type"":""Point"",""coordinates"":[3.53598,51.07347]}"
238,,E6,1355953930207,1356614437336,1,Hansbekedorp,N,"Als je mijn plaats inneemt, neem dan ook mijn handicap over.",E,3.536057,51.073273,"{""type"":""Point"",""coordinates"":[3.53606,51.07327]}"
239,,E6,1355953937482,1356614434959,1,Hansbekedorp,N,"Als je mijn plaats inneemt, neem dan ook mijn handicap over.",E,3.536116,51.073261,"{""type"":""Point"",""coordinates"":[3.53612,51.07326]}"
240,,A41,1355955287164,1356615089774,1,Hansbekedorp,N,55m,A,3.535761,51.073818,"{""type"":""Point"",""coordinates"":[3.53576,51.07382]}"
241,,B9,1355955339043,1356615093181,1,Hansbekedorp,N,,B,3.535761,51.073818,"{""type"":""Point"",""coordinates"":[3.53576,51.07382]}"
242,E40,F31,1355955433779,1356615097513,1,Hansbekedorp,E,,F,3.53576,51.073867,"{""type"":""Point"",""coordinates"":[3.53576,51.07387]}"
243,6 Nevele,F29,1355955440695,1356615101775,1,Hansbekedorp,E,,F,3.53576,51.073867,"{""type"":""Point"",""coordinates"":[3.53576,51.07387]}"
244,Zomergem 8,F29,1355955447197,1356615105814,1,Hansbekedorp,E,,F,3.53576,51.07388,"{""type"":""Point"",""coordinates"":[3.53576,51.07388]}"
245,"3,5t",C21,1355955541757,1356615111465,1,Kerkakkerstraat,E,Uitgezonderd plaatselijk verkeer,C,3.53573,51.07394,"{""type"":""Point"",""coordinates"":[3.53573,51.07394]}"
246,,F4a,1355955625671,1356615240166,1,Hansbekedorp,S,,F,3.535878,51.073985,"{""type"":""Point"",""coordinates"":[3.53588,51.07399]}"
247,,A23,1355955658395,1356615309536,1,Hansbekedorp,S,,A,3.535878,51.073985,"{""type"":""Point"",""coordinates"":[3.53588,51.07399]}"
248,,B9,1355955663480,1356615245537,1,Hansbekedorp,S,,B,3.535878,51.073985,"{""type"":""Point"",""coordinates"":[3.53588,51.07399]}"
249,Merendree,F29,1355955690253,1357505581106,1,Merendreestraat,S,,F,3.53591,51.07394,"{""type"":""Point"",""coordinates"":[3.53591,51.07394]}"
250,Drongen 10,F29,1355955695958,1357505575318,1,Merendreestraat,S,,F,3.53591,51.07394,"{""type"":""Point"",""coordinates"":[3.53591,51.07394]}"
251,,B9,1355955713899,1356615050354,1,Merendreestraat,W,,B,3.535956,51.073838,"{""type"":""Point"",""coordinates"":[3.53596,51.07384]}"
252,10 Drongen,F29,1355955727800,1356615041567,1,Merendreestraat,N,,F,3.53592,51.07384,"{""type"":""Point"",""coordinates"":[3.53592,51.07384]}"
253,,B5,1355955768404,1356615032328,1,Merendreestraat,E,,B,3.535935,51.073934,"{""type"":""Point"",""coordinates"":[3.53593,51.07393]}"
254,,F4b,1355956029779,1356615476235,1,Hansbekedorp,N,,F,3.53576,51.07398,"{""type"":""Point"",""coordinates"":[3.53576,51.07398]}"
255,,C3,1355957520517,1356615283879,1,Merendreestraat,W,Uitgezonderd dienstvoertuigen,C,3.535935,51.073934,"{""type"":""Point"",""coordinates"":[3.53593,51.07393]}"
256,,E6,1355957547639,1355957891861,,Hansbekedorp,W,...,E,3.5361,51.07409,"{""type"":""Point"",""coordinates"":[3.5361,51.07409]}"
257,,C3,1355957587938,1356614738434,1,Merendreestraat,S,Uitgezonderd dienstvoertuigen; Uitgezonderd fietsers,C,3.53635,51.07384,"{""type"":""Point"",""coordinates"":[3.53635,51.07384]}"
258,,B11,1355958007574,1356614741274,1,Merendreestraat,S,,B,3.53665,51.07367,"{""type"":""Point"",""coordinates"":[3.53665,51.07367]}"
259,,B9,1355958119273,1356614482334,1,Merendreestraat,W,,B,3.53691,51.07316,"{""type"":""Point"",""coordinates"":[3.53691,51.07316]}"
260,,B1,1355958151139,1356614485771,1,Hansbekedorp,W,,B,3.53684,51.0732,"{""type"":""Point"",""coordinates"":[3.53684,51.0732]}"
261,"Hansbeke, Nevele",F3a,1355958328442,1355958529283,,Merendreestraat,W,,F,3.541421,51.072056,"{""type"":""Point"",""coordinates"":[3.54142,51.07206]}"
262,"Hansbeke, Nevele",F1a,1355958344043,1355958511559,,Merendreestraat,E,,F,3.541456,51.07213,"{""type"":""Point"",""coordinates"":[3.54146,51.07213]}"
263,70,C43,1355958415486,1355958564097,,Merendreestraat,W,,C,3.541692,51.072001,"{""type"":""Point"",""coordinates"":[3.54169,51.072]}"
264,70,C43,1356002849253,1356003106483,,Merendreestraat,E,,C,3.544274,51.071552,"{""type"":""Point"",""coordinates"":[3.54427,51.07155]}"
265,,B9,1356002858982,1356003108739,,Merendreestraat,E,,B,3.544274,51.071552,"{""type"":""Point"",""coordinates"":[3.54427,51.07155]}"
266,,B1,1356002886364,1356003110835,,Merendreestraat,N,,B,3.544327,51.071585,"{""type"":""Point"",""coordinates"":[3.54433,51.07158]}"
267,70,C43,1356002939550,1356003101027,,Merendreestraat,W,,C,3.544555,51.071402,"{""type"":""Point"",""coordinates"":[3.54455,51.0714]}"
268,,B9,1356002945053,1356003112533,,Merendreestraat,W,,B,3.544555,51.071402,"{""type"":""Point"",""coordinates"":[3.54455,51.0714]}"
269,70,C43,1356003278198,1356003712926,,Merendreestraat,E,,C,3.548576,51.070746,"{""type"":""Point"",""coordinates"":[3.54858,51.07075]}"
270,,B9,1356003283631,1356003714701,,Merendreestraat,E,,B,3.548576,51.070746,"{""type"":""Point"",""coordinates"":[3.54858,51.07075]}"
271,,B1,1356003289499,1356004071866,,,N,,B,3.54864,51.070737,"{""type"":""Point"",""coordinates"":[3.54864,51.07074]}"
272,,C3,1356003358890,1356004064272,,,S,Uitgezonderd aangelanden,C,3.548836,51.070818,"{""type"":""Point"",""coordinates"":[3.54884,51.07082]}"
273,70,C43,1356003418581,1356003722719,,Merendreestraat,W,,C,3.548742,51.070591,"{""type"":""Point"",""coordinates"":[3.54874,51.07059]}"
274,,A1a,1356003426926,1356003724426,,Merendreestraat,W,50 m,A,3.548742,51.070591,"{""type"":""Point"",""coordinates"":[3.54874,51.07059]}"
275,,B9,1356003431645,1356004098087,,Merendreestraat,W,,B,3.548742,51.070591,"{""type"":""Point"",""coordinates"":[3.54874,51.07059]}"
276,,B1,1356003456718,1356004119021,,Merendreestraat,S,,B,3.549016,51.070528,"{""type"":""Point"",""coordinates"":[3.54902,51.07053]}"
277,70,C43,1356003795065,1356034926988,,Hansbekestraat,W,,C,3.54975,51.07045,"{""type"":""Point"",""coordinates"":[3.54975,51.07045]}"
278,,B9,1356003801735,1356034962684,,Hansbekestraat,W,,B,3.54975,51.07045,"{""type"":""Point"",""coordinates"":[3.54975,51.07045]}"
279,,Type 5,1356003817876,1356730386088,,Merendreestraat,W,,,3.54968,51.07042,"{""type"":""Point"",""coordinates"":[3.54968,51.07042]}"
280,,B1,1356003831994,1356039502092,,Lambroekstraat,E,,B,3.54967,51.0704,"{""type"":""Point"",""coordinates"":[3.54967,51.0704]}"
281,,B1,1356003867323,1356039530432,,Lambroekstraat,W,,B,3.54962,51.07033,"{""type"":""Point"",""coordinates"":[3.54962,51.07033]}"
282,70,C43,1356003878436,1356039534331,,Lambroekstraat,W,,C,3.549667,51.070323,"{""type"":""Point"",""coordinates"":[3.54967,51.07032]}"
283,,B17,1356004293485,1356039538239,,Lambroekstraat,W,,B,3.551462,51.069967,"{""type"":""Point"",""coordinates"":[3.55146,51.06997]}"
284,70,C43,1356004318855,1356039541046,,Lambroekstraat,E,,C,3.55167,51.07,"{""type"":""Point"",""coordinates"":[3.55167,51.07]}"
285,,B3,1356004323240,1357598303316,,Lambroekstraat,E,150m,B,3.55167,51.07,"{""type"":""Point"",""coordinates"":[3.55167,51.07]}"
286,,B17,1356004336051,1356034429874,,Overbroekkouterslag,E,,B,3.55188,51.070011,"{""type"":""Point"",""coordinates"":[3.55188,51.07001]}"
287,70,C43,1356004372176,1356039614418,,Lambroekstraat,W,,C,3.551993,51.069848,"{""type"":""Point"",""coordinates"":[3.55199,51.06985]}"
288,,B17,1356004378323,1356039616651,,Lambroekstraat,E,,B,3.55204,51.06992,"{""type"":""Point"",""coordinates"":[3.55204,51.06992]}"
289,,A41,1356004953319,1356005041369,,Grote Heirenthoek,N,150m,A,3.556373,51.069898,"{""type"":""Point"",""coordinates"":[3.55637,51.0699]}"
290,,B1,1356005144389,1356005449009,,Grote Heirenthoek,S,,B,3.555367,51.071624,"{""type"":""Point"",""coordinates"":[3.55537,51.07162]}"
291,,A1c,1356005185725,1356005463012,,Hansbekestraat,W,,A,3.555448,51.071698,"{""type"":""Point"",""coordinates"":[3.55545,51.0717]}"
292,70,C43,1356005190226,1356005452550,,Hansbekestraat,W,,C,3.555448,51.071698,"{""type"":""Point"",""coordinates"":[3.55545,51.0717]}"
293,,B9,1356005194385,1356005461205,,Hansbekestraat,W,,B,3.555448,51.071698,"{""type"":""Point"",""coordinates"":[3.55545,51.0717]}"
294,70,C43,1356005276507,1356034852982,,Hansbekestraat,E,,C,3.55515,51.071678,"{""type"":""Point"",""coordinates"":[3.55515,51.07168]}"
295,,B9,1356005282175,1356034849027,,Hansbekestraat,E,,B,3.55515,51.071678,"{""type"":""Point"",""coordinates"":[3.55515,51.07168]}"
296,70,C43,1356005520823,1356034844716,,Hansbekestraat,W,,C,3.554517,51.071412,"{""type"":""Point"",""coordinates"":[3.55452,51.07141]}"
297,,B9,1356005525129,1356034842838,,Hansbekestraat,W,,B,3.554517,51.071412,"{""type"":""Point"",""coordinates"":[3.55452,51.07141]}"
298,,B1,1356005541811,1356005768432,,Voordestraat,N,,B,3.554329,51.071479,"{""type"":""Point"",""coordinates"":[3.55433,51.07148]}"
299,70,C43,1356005562030,1356034838202,,Hansbekestraat,E,,C,3.554294,51.071408,"{""type"":""Point"",""coordinates"":[3.55429,51.07141]}"
300,,B9,1356005566249,1356034836060,,Hansbekestraat,E,,B,3.554294,51.071408,"{""type"":""Point"",""coordinates"":[3.55429,51.07141]}"
301,Hansbeke,F43,1356005619174,1356034833075,,Hansbekestraat,E,,F,3.553994,51.071317,"{""type"":""Point"",""coordinates"":[3.55399,51.07132]}"
302,,A1b,1356005831524,1356034815382,,Hansbekestraat,E,,A,3.55166,51.07086,"{""type"":""Point"",""coordinates"":[3.55166,51.07086]}"
303,,Type 5,1356005864057,1356038113690,,Merendreestraat,N,,,3.549491,51.070429,"{""type"":""Point"",""coordinates"":[3.54949,51.07043]}"
304,,C3,1356006002648,1356006048880,,,E,Uitgezonderd aangelanden,C,3.552873,51.072649,"{""type"":""Point"",""coordinates"":[3.55287,51.07265]}"
305,,A41,1356038008011,1356614647863,1,Hansbekedorp,N,75 m,A,3.53671,51.07331,"{""type"":""Point"",""coordinates"":[3.53671,51.07331]}"
306,"Hansbeke, Nevele",F3,1356038014634,1356618611856,,Voordestraat,S,,F,3.53817,51.07753,"{""type"":""Point"",""coordinates"":[3.53817,51.07753]}"
307,,B1,1356040266897,1356616349588,1,Kerkakkerstraat,W,,B,3.53541,51.07389,"{""type"":""Point"",""coordinates"":[3.53541,51.07389]}"
308,,B1,1356040511356,1356617930802,1,Begijnhoflaan,E,,B,3.535301,51.076772,"{""type"":""Point"",""coordinates"":[3.5353,51.07677]}"
309,"Hansbeke, Nevele",F3,1356040793530,1356616499050,1,Melkerijstraat,E,,F,3.53276,51.07594,"{""type"":""Point"",""coordinates"":[3.53276,51.07594]}"
310,,C3,1356040803382,1356616479659,1,Melkerijstraat,E,Uitgezonderd fietsers,C,3.53266,51.07592,"{""type"":""Point"",""coordinates"":[3.53266,51.07592]}"
311,,A23,1356041021564,1356616605398,1,Melkerijstraat,W,,A,3.53469,51.076272,"{""type"":""Point"",""coordinates"":[3.53469,51.07627]}"
312,,F4a,1356041026481,1356616601266,1,Melkerijstraat,W,,F,3.53469,51.076272,"{""type"":""Point"",""coordinates"":[3.53469,51.07627]}"
313,,F4b,1356041040384,1356616576378,1,Melkerijstraat,E,,F,3.53467,51.07633,"{""type"":""Point"",""coordinates"":[3.53467,51.07633]}"
314,,B1,1356041240259,1356616597375,1,Melkerijstraat,W,,B,3.535125,51.076323,"{""type"":""Point"",""coordinates"":[3.53512,51.07632]}"
315,"3,5t",C21,1356041266876,1356616568935,1,Melkerijstraat,E,Uitgezonderd plaatselijk verkeer,C,3.5351,51.07637,"{""type"":""Point"",""coordinates"":[3.5351,51.07637]}"
316,,C3,1356041465503,1356615977933,1,Kerkakkerstraat,E,M2,C,3.53553524785048,51.0749774721406,"{""type"":""Point"",""coordinates"":[3.53554,51.07498]}"
317,,A41,1356041627783,1356615589699,,Hansbekedorp,N,,A,3.53559,51.07477,"{""type"":""Point"",""coordinates"":[3.53559,51.07477]}"
318,,E3,1356041665847,1356615527739,1,Hansbekedorp,N,Uitgezonderd Ceremonie wagens; E0b,E,3.535583,51.074828,"{""type"":""Point"",""coordinates"":[3.53558,51.07483]}"
319,,E3,1356041690420,1356615525159,1,Hansbekedorp,N,Uitgezonderd Ceremonie wagens; E0a,E,3.535547,51.074949,"{""type"":""Point"",""coordinates"":[3.53555,51.07495]}"
320,,B1,1356041750662,1356616125151,1,Kerkakkerstraat,W,,B,3.53552597668647,51.0749757869009,"{""type"":""Point"",""coordinates"":[3.53553,51.07498]}"
321,,F49,1356041963141,1356615660900,1,Hansbekedorp,S,,F,3.53566,51.07496,"{""type"":""Point"",""coordinates"":[3.53566,51.07496]}"
322,,F49,1356042006080,1356615657881,1,Hansbekedorp,N,,F,3.53554,51.075,"{""type"":""Point"",""coordinates"":[3.53554,51.075]}"
323,"Hansbeke, Nevele",F1,1356042139669,1356618666642,,Voordestraat,N,,F,3.53808,51.07751,"{""type"":""Point"",""coordinates"":[3.53808,51.07751]}"
324,,B9,1356042144469,1356618319725,1,Hansbekedorp,N,,B,3.53539,51.07552,"{""type"":""Point"",""coordinates"":[3.53539,51.07552]}"
325,,B1,1356042191493,1356618227061,1,Hansbekedorp,E,,B,3.535511,51.075637,"{""type"":""Point"",""coordinates"":[3.53551,51.07564]}"
326,,B9,1356042195918,1356618223074,1,Hansbekedorp,S,,B,3.535511,51.075637,"{""type"":""Point"",""coordinates"":[3.53551,51.07564]}"
327,,F49,1356042362025,1356616916634,1,Hansbekedorp,S,,F,3.53537,51.07615,"{""type"":""Point"",""coordinates"":[3.53537,51.07615]}"
328,,B9,1356613358808,1356613465590,1,Nevelestraat,N,,B,3.53638,51.07056,"{""type"":""Point"",""coordinates"":[3.53638,51.07056]}"
329,Merendree,F34b1,1356614022725,1356614243967,1,Nevelestraat,N,,F,3.535868,51.073016,"{""type"":""Point"",""coordinates"":[3.53587,51.07302]}"
330,Landegem,F34b1,1356614025303,1356614241109,1,Nevelestraat,N,,F,3.535868,51.073016,"{""type"":""Point"",""coordinates"":[3.53587,51.07302]}"
331,Lotenhulle,F34b1,1356614026657,1356614238665,1,Nevelestraat,N,,F,3.535868,51.073016,"{""type"":""Point"",""coordinates"":[3.53587,51.07302]}"
332,Nevele,F34b1,1356614027931,1356614236113,1,Nevelestraat,E,,F,3.535868,51.073016,"{""type"":""Point"",""coordinates"":[3.53587,51.07302]}"
333,Zomergem,F34b1,1356614073831,1356614233540,1,Nevelestraat,E,,F,3.535868,51.073016,"{""type"":""Point"",""coordinates"":[3.53587,51.07302]}"
334,,F4a,1356615750048,1356616207263,1,Kerkakkerstraat,W,,F,3.535451,51.074969,"{""type"":""Point"",""coordinates"":[3.53545,51.07497]}"
335,,F4b,1356615781595,1356616239983,1,Kerkakkerstraat,E,,F,3.53467,51.074881,"{""type"":""Point"",""coordinates"":[3.53467,51.07488]}"
336,,C3,1356616000196,1356616276591,1,Kerkakkerstraat,W,M2,C,3.534674,51.074859,"{""type"":""Point"",""coordinates"":[3.53467,51.07486]}"
337,,F49,1356616005726,1356616900768,1,Hansbekedorp,N,,F,3.53524,51.07619,"{""type"":""Point"",""coordinates"":[3.53524,51.07619]}"
338,,B9,1356616920434,1356616968249,1,Hansbekedorp,N,,B,3.53524,51.07619,"{""type"":""Point"",""coordinates"":[3.53524,51.07619]}"
339,Zomergem,F34b1,1356616991977,1356617253220,1,Hansbekedorp,W,,F,3.535349,51.076285,"{""type"":""Point"",""coordinates"":[3.53535,51.07628]}"
340,Nevele,F34b1,1356617042766,1356617259141,1,Hansbekedorp,W,,F,3.535349,51.076285,"{""type"":""Point"",""coordinates"":[3.53535,51.07628]}"
341,Merendree,F34b1,1356617044090,1356617263368,1,Hansbekedorp,W,,F,3.535349,51.076285,"{""type"":""Point"",""coordinates"":[3.53535,51.07628]}"
342,Landegem,F34b1,1356617045190,1356617269842,1,Hansbekedorp,W,,F,3.535349,51.076285,"{""type"":""Point"",""coordinates"":[3.53535,51.07628]}"
343,Bellem,F34b1,1356617046387,1356617277037,1,Hansbekedorp,W,,F,3.535349,51.076285,"{""type"":""Point"",""coordinates"":[3.53535,51.07628]}"
344,Aalter,F34b1,1356617047354,1356617283401,1,Hansbekedorp,W,,F,3.535349,51.076285,"{""type"":""Point"",""coordinates"":[3.53535,51.07628]}"
345,Bellem,F34b1,1356617048478,1356617301412,1,Hansbekedorp,E,,F,3.535349,51.076285,"{""type"":""Point"",""coordinates"":[3.53535,51.07628]}"
346,Aalter,F34b1,1356617049396,1356617296976,1,Hansbekedorp,E,,F,3.535349,51.076285,"{""type"":""Point"",""coordinates"":[3.53535,51.07628]}"
347,,F4b,1356617337772,1356617375179,1,Hansbekedorp,S,,F,3.535304,51.07648,"{""type"":""Point"",""coordinates"":[3.5353,51.07648]}"
348,,B9,1356617376670,1356617406147,1,Hansbekedorp,S,,B,3.535304,51.07648,"{""type"":""Point"",""coordinates"":[3.5353,51.07648]}"
349,,F4a,1356617448144,1356617517763,1,Hansbekedorp,N,,F,3.53517,51.076472,"{""type"":""Point"",""coordinates"":[3.53517,51.07647]}"
350,,A23,1356617518811,1356617556700,1,Hansbekedorp,N,,A,3.53517,51.076472,"{""type"":""Point"",""coordinates"":[3.53517,51.07647]}"
351,,B9,1356617943409,1356618036275,1,Hansbekedorp,S,,B,3.535248,51.076822,"{""type"":""Point"",""coordinates"":[3.53525,51.07682]}"
352,Spelende kinderen,,1356618102214,1356730441348,1,Doornbosstraat,N,,,3.53825,51.07584,"{""type"":""Point"",""coordinates"":[3.53825,51.07584]}"
353,,B1,1357595854919,1357595882475,,Lindestraat,E,,B,3.535208,51.077377,"{""type"":""Point"",""coordinates"":[3.53521,51.07738]}"
354,,A1b,1357596305516,1357596346950,,Hansbekedorp,S,,A,3.534803,51.07892,"{""type"":""Point"",""coordinates"":[3.5348,51.07892]}"
355,,Type 5,1357596455346,1357596478429,,Hansbekedorp,S,,,3.534441,51.08001,"{""type"":""Point"",""coordinates"":[3.53444,51.08001]}"
356,,D07,1357596563481,1357596991710,,Hansbekedorp,N,,D,3.534414,51.079921,"{""type"":""Point"",""coordinates"":[3.53441,51.07992]}"
357,70,C43,1357596591740,1357596695366,,Hansbekedorp,N,,C,3.534414,51.079921,"{""type"":""Point"",""coordinates"":[3.53441,51.07992]}"
358,,B9,1357596592930,1357596988652,,Hansbekedorp,N,,B,3.534414,51.079921,"{""type"":""Point"",""coordinates"":[3.53441,51.07992]}"
359,,D07,1357596799274,1357597002003,,Vaartstraat,S,,D,3.534923,51.080536,"{""type"":""Point"",""coordinates"":[3.53492,51.08054]}"
360,,A1a,1357596815112,1357597005861,,Vaartstraat,S,50m,A,3.534923,51.080536,"{""type"":""Point"",""coordinates"":[3.53492,51.08054]}"
361,,C43,1357596815863,1357597004165,,Vaartstraat,S,,C,3.534923,51.080536,"{""type"":""Point"",""coordinates"":[3.53492,51.08054]}"
362,,B9,1357596816854,1357596998509,,Vaartstraat,S,,B,3.534923,51.080536,"{""type"":""Point"",""coordinates"":[3.53492,51.08054]}"
363,,A1a,1357597049527,1357597087219,,Vaartstraat,N,50m,A,3.534741,51.080531,"{""type"":""Point"",""coordinates"":[3.53474,51.08053]}"
364,,Type 5,1357597237577,1357597368350,,Vaartstraat,N,,,3.535052,51.081062,"{""type"":""Point"",""coordinates"":[3.53505,51.08106]}"
365,,A1b,1357597289438,1357597362899,,Vaartstraat,N,,A,3.534717,51.081337,"{""type"":""Point"",""coordinates"":[3.53472,51.08134]}"
366,,A25,1357597647826,1357597669766,,Hansbekedorp,N,,A,3.534661,51.078613,"{""type"":""Point"",""coordinates"":[3.53466,51.07861]}"
367,,B1,1357597735627,1357597916562,,Voordestraat,E,,B,3.534972,51.080206,"{""type"":""Point"",""coordinates"":[3.53497,51.08021]}"
368,5 t,C21,1357597758895,1357597918815,,Voordestraat,W,,C,3.535106,51.080174,"{""type"":""Point"",""coordinates"":[3.53511,51.08017]}"
369,,A29,1357597817498,1357597920841,,Voordestraat,W,,A,3.535768,51.080366,"{""type"":""Point"",""coordinates"":[3.53577,51.08037]}"
370,,B3,1357597970734,1357598022141,,Voordestraat,E,150m,B,3.536707,51.080684,"{""type"":""Point"",""coordinates"":[3.53671,51.08068]}"
371,,A29,1357598762106,1357598806763,,Voordestraat,E,,A,3.546377,51.080122,"{""type"":""Point"",""coordinates"":[3.54638,51.08012]}"
372,,C5/7,1357599579427,1357599671832,,Hammestraat,S,,C,3.546508,51.09281,"{""type"":""Point"",""coordinates"":[3.54651,51.09281]}"
373,,Type 5,1357599618399,1357599869981,,Petendonkstraat,S,,,3.546664,51.092972,"{""type"":""Point"",""coordinates"":[3.54666,51.09297]}"
374,Gent 13km,F34b2,1357599850863,1357599989443,,Petendonkstraat,W,,F,3.55120804662704,51.09344,"{""type"":""Point"",""coordinates"":[3.55121,51.09344]}"
375,,C3,1357600292323,1357601552182,,Vaartstraat,W,Uitgez. diensten en aangelanden en met toelating,C,3.528996,51.090298,"{""type"":""Point"",""coordinates"":[3.529,51.0903]}"
376,Hansbeke,F43,1357600954569,1357601343828,,Spenningstraat,N,,F,3.525353,51.090367,"{""type"":""Point"",""coordinates"":[3.52535,51.09037]}"
377,Bellem,F43,1357601022713,1357601342220,,Spenningstraat,S,,F,3.525353,51.090367,"{""type"":""Point"",""coordinates"":[3.52535,51.09037]}"
378,,A51,1357601036251,1357601351027,,Spenningstraat,N,Uitrit vrachtwagens,A,3.525355,51.090358,"{""type"":""Point"",""coordinates"":[3.52535,51.09036]}"
379,,D07,1357601050510,1357601349348,,Spenningstraat,N,,D,3.525364,51.090334,"{""type"":""Point"",""coordinates"":[3.52536,51.09033]}"
380,,C43,1357601054039,1357601347509,,Spenningstraat,N,,C,3.525364,51.090334,"{""type"":""Point"",""coordinates"":[3.52536,51.09033]}"
381,,B9,1357601055212,1357601345757,,Spenningstraat,N,,B,3.525364,51.090334,"{""type"":""Point"",""coordinates"":[3.52536,51.09033]}"
382,,B1,1357601479880,1357601543137,,Vaartstraat,N,,B,3.526153,51.088966,"{""type"":""Point"",""coordinates"":[3.52615,51.08897]}"
383,,A1d,1357601748223,1357601791627,,Kouterken,N,,A,3.534387,51.088423,"{""type"":""Point"",""coordinates"":[3.53439,51.08842]}"
384,,A13,1358371753659,1358371795038,1,Boerestraat,E,,A,3.516819,51.065506,"{""type"":""Point"",""coordinates"":[3.51682,51.06551]}"
